dataset,instance,n_raw,n_dedup,n_pareto,cov_min,cov_max,cost_min,cost_max,sol_size
cdmx,cam_11096_IZTACALCO,505,10,9,2058.085,2078.3812,0,15,11096
cdmx,cam_11410_TLALPAN,505,48,47,1791.6396,2147.5217,0,352,11410
cdmx,cam_11476_BENITO_JUAREZ,505,7,7,2319.7572,2326.1083,0,9,11476
cdmx,cam_12319_COYOACAN,505,32,31,2365.0997,2537.4064,0,117,12319
cdmx,cam_13802_MIGUEL_HIDALGO,505,27,27,2681.6138,2725.2908,0,63,13802
cdmx,cam_1390_MILPA_ALTA,505,34,34,180.4028,233.1306,0,118,1390
cdmx,cam_14468_VENUSTIANO_CARRANZA,505,16,16,2695.1923,2728.1323,0,29,14468
cdmx,cam_15743_ALVARO_OBREGON,505,41,40,2868.3871,3122.9467,0,208,15743
cdmx,cam_1800_CUAJIMALPA_DE_MORELOS,505,37,37,257.4842,306.6628,0,102,1800
cdmx,cam_22238_CUAUHTEMOC,505,5,5,4326.4577,4328.732,0,5,22238
cdmx,cam_24363_GUSTAVO_A._MADERO,505,29,28,4506.088,4595.7035,0,98,24363
cdmx,cam_3205_LA_MAGDALENA_CONTRERAS,505,22,22,528.8385,577.2089,0,52,3205
cdmx,cam_7256_TLAHUAC,505,36,35,1207.8428,1332.7215,0,122,7256
cdmx,cam_7408_XOCHIMILCO,505,50,49,1109.8512,1439.4622,0,296,7408
cdmx,cam_9673_AZCAPOTZALCO,505,20,19,1815.1062,1862.4159,0,53,9673
clustering,a1_R1800_pre28,505,72,46,160.5509,487.7838,0,135,3000
clustering,a2_R2400_pre9,505,70,42,130.1493,880.6266,0,149,5250
clustering,a3_R3050_pre10,505,88,45,178.4154,1242.4749,0,161,7500
clustering,dim2_R5150_pre6,505,79,67,20.3175,204.4562,0,157,1351
clustering,s1_R28000_pre9,505,96,64,100.5444,817.6872,0,240,5000
clustering,s2_R34000_pre28,505,72,49,343.9426,837.8506,0,219,5000
clustering,s3_R35000_pre35,505,52,50,301.4524,853.1122,0,245,5000
clustering,s4_R32000_pre47,505,70,53,353.5136,827.5832,0,196,5000
clustering,unbalance_R1450_pre40,505,101,101,375.0147,1055.4942,0,565,6500
phub,wsc_0_R0p1455_pre13,505,13,13,13.7756,24.8638,0,12,150
phub,wsc_100_R0p1752_pre6,505,14,12,9.0593,25.9816,0,11,150
phub,wsc_101_R0p1915_pre16,505,6,6,15.2115,20.6113,0,6,150
phub,wsc_102_R0p0740_pre13,505,34,34,8.2416,27.7297,0,44,150
phub,wsc_103_R0p0969_pre6,505,29,28,4.1419,25.2207,0,34,150
phub,wsc_104_R0p1758_pre10,505,8,8,15.1486,25.446,0,8,150
phub,wsc_105_R0p1457_pre20,505,13,12,14.6381,22.437,0,12,150
phub,wsc_106_R0p1974_pre11,505,7,6,21.0476,25.7415,0,5,150
phub,wsc_107_R0p1473_pre19,505,10,10,16.5947,24.2813,0,10,150
phub,wsc_108_R0p1784_pre20,505,7,6,17.2247,20.6315,0,5,150
phub,wsc_109_R0p1316_pre10,505,17,17,9.9454,23.4921,0,19,150
phub,wsc_10_R0p1934_pre9,505,7,7,15.1665,25.9679,0,8,150
phub,wsc_110_R0p1896_pre15,505,7,7,17.1794,19.8237,0,6,150
phub,wsc_111_R0p0730_pre16,505,35,35,4.7529,21.6129,0,47,150
phub,wsc_112_R0p0675_pre17,505,43,42,3.915,20.2109,0,54,150
phub,wsc_113_R0p0606_pre17,505,46,46,2.9768,21.3243,0,60,150
phub,wsc_114_R0p1592_pre19,505,6,6,18.5031,24.181,0,6,150
phub,wsc_115_R0p1554_pre8,505,14,14,10.0185,24.3901,0,13,150
phub,wsc_116_R0p0759_pre13,505,39,39,2.2247,20.0069,0,51,150
phub,wsc_117_R0p1813_pre9,505,10,9,12.2566,24.599,0,9,150
phub,wsc_118_R0p1896_pre15,505,6,6,17.8497,24.5419,0,7,150
phub,wsc_119_R0p1934_pre14,505,6,6,16.9354,21.8145,0,5,150
phub,wsc_11_R0p0693_pre17,505,38,38,4.7797,24.4008,0,50,150
phub,wsc_120_R0p1781_pre8,505,10,9,10.8394,22.7932,0,8,150
phub,wsc_121_R0p1449_pre11,505,12,11,12.6426,22.0583,0,13,150
phub,wsc_122_R0p1738_pre7,505,11,10,8.8118,20.203,0,10,150
phub,wsc_123_R0p1524_pre14,505,10,10,13.5448,23.4442,0,11,150
phub,wsc_124_R0p1678_pre18,505,8,8,18.2746,21.9091,0,7,150
phub,wsc_125_R0p1778_pre6,505,11,10,8.4705,25.0114,0,10,150
phub,wsc_126_R0p0509_pre6,505,50,50,0.521,27.3792,0,70,150
phub,wsc_127_R0p0594_pre14,505,42,42,2.5637,24.7083,0,65,150
phub,wsc_128_R0p1489_pre16,505,10,10,11.7419,20.4064,0,9,150
phub,wsc_129_R0p1076_pre7,505,23,23,5.2126,23.1905,0,28,150
phub,wsc_12_R0p0876_pre20,505,28,28,7.2688,25.0162,0,35,150
phub,wsc_130_R0p1180_pre10,505,18,17,6.5854,21.9569,0,20,150
phub,wsc_131_R0p1470_pre9,505,12,12,10.1054,21.8931,0,14,150
phub,wsc_132_R0p0714_pre7,505,37,37,0.9921,23.6101,0,52,150
phub,wsc_133_R0p1963_pre5,505,11,10,11.8036,22.8144,0,9,150
phub,wsc_134_R0p1953_pre11,505,8,8,11.7411,23.9293,0,8,150
phub,wsc_135_R0p1322_pre19,505,13,12,13.3377,22.6015,0,12,150
phub,wsc_136_R0p0691_pre14,505,41,41,3.213,21.0593,0,51,150
phub,wsc_137_R0p1787_pre8,505,12,11,11.682,22.38,0,11,150
phub,wsc_138_R0p1360_pre16,505,10,9,18.0627,26.9432,0,11,150
phub,wsc_139_R0p1125_pre17,505,17,17,9.4654,19.0699,0,18,150
phub,wsc_13_R0p1797_pre18,505,6,5,15.1977,19.1372,0,5,150
phub,wsc_140_R0p1501_pre16,505,8,8,13.4079,20.8499,0,9,150
phub,wsc_141_R0p1604_pre17,505,8,7,18.799,25.5119,0,7,150
phub,wsc_142_R0p0533_pre13,505,54,54,2.1531,26.6759,0,78,150
phub,wsc_143_R0p1120_pre15,505,21,21,8.6846,20.9315,0,24,150
phub,wsc_144_R0p1689_pre10,505,9,9,14.3042,26.1363,0,10,150
phub,wsc_145_R0p1401_pre5,505,15,15,5.6316,27.7227,0,24,150
phub,wsc_146_R0p1701_pre12,505,8,7,16.8391,24.9056,0,7,150
phub,wsc_147_R0p1984_pre12,505,8,7,12.0315,20.9776,0,7,150
phub,wsc_148_R0p1456_pre12,505,11,11,11.0212,24.2569,0,14,150
phub,wsc_149_R0p0623_pre18,505,46,46,2.8683,19.4065,0,59,150
phub,wsc_14_R0p1746_pre15,505,8,8,16.4834,22.389,0,9,150
phub,wsc_150_R0p0507_pre14,505,46,46,1.9061,21.8348,0,74,150
phub,wsc_151_R0p1238_pre20,505,14,14,15.9144,25.8508,0,16,150
phub,wsc_152_R0p0828_pre10,505,31,31,9.1927,23.2895,0,36,150
phub,wsc_153_R0p1903_pre14,505,4,4,19.9546,22.6586,0,4,150
phub,wsc_154_R0p1376_pre14,505,15,12,14.1054,26.1832,0,14,150
phub,wsc_155_R0p0967_pre20,505,25,25,8.5252,22.7728,0,26,150
phub,wsc_156_R0p0708_pre6,505,44,43,1.7162,21.7348,0,60,150
phub,wsc_157_R0p0895_pre18,505,27,27,9.0314,22.824,0,32,150
phub,wsc_158_R0p1954_pre5,505,9,9,9.6864,25.0495,0,10,150
phub,wsc_159_R0p1715_pre11,505,9,8,13.6503,23.8108,0,8,150
phub,wsc_15_R0p1539_pre16,505,12,12,17.0828,24.1592,0,14,150
phub,wsc_160_R0p1332_pre11,505,16,16,6.9044,22.3518,0,17,150
phub,wsc_161_R0p1203_pre14,505,19,19,8.6582,28.7243,0,21,150
phub,wsc_162_R0p0608_pre19,505,48,48,4.0408,19.3215,0,65,150
phub,wsc_163_R0p1710_pre5,505,12,12,9.3773,21.6131,0,12,150
phub,wsc_164_R0p0610_pre6,505,48,48,0.5274,23.3965,0,68,150
phub,wsc_165_R0p1194_pre19,505,16,15,13.2073,23.6825,0,17,150
phub,wsc_166_R0p1574_pre5,505,16,15,5.8486,26.2895,0,14,150
phub,wsc_167_R0p0673_pre20,505,35,35,5.0065,21.7323,0,45,150
phub,wsc_168_R0p0905_pre6,505,29,29,4.7272,21.3942,0,37,150
phub,wsc_169_R0p1215_pre13,505,19,18,10.0918,20.6403,0,19,150
phub,wsc_16_R0p1350_pre18,505,12,12,14.7413,20.6729,0,12,150
phub,wsc_170_R0p1681_pre14,505,9,9,12.5443,18.3603,0,10,150
phub,wsc_171_R0p0654_pre16,505,41,41,4.6954,18.7379,0,55,150
phub,wsc_172_R0p0755_pre16,505,34,34,5.2096,21.8861,0,48,150
phub,wsc_173_R0p0602_pre16,505,40,40,4.3723,24.2576,0,58,150
phub,wsc_174_R0p1881_pre5,505,10,10,8.1467,19.3636,0,12,150
phub,wsc_175_R0p1345_pre5,505,19,18,8.2962,21.0966,0,19,150
phub,wsc_176_R0p1863_pre14,505,10,9,14.9733,19.615,0,8,150
phub,wsc_177_R0p1229_pre10,505,16,16,6.5079,20.4541,0,23,150
phub,wsc_178_R0p1641_pre7,505,9,9,9.7246,23.0963,0,10,150
phub,wsc_179_R0p1877_pre7,505,8,8,9.9236,19.6361,0,8,150
phub,wsc_17_R0p1768_pre6,505,11,10,10.7606,24.3928,0,10,150
phub,wsc_180_R0p1364_pre14,505,15,14,10.8084,21.6833,0,14,150
phub,wsc_181_R0p1679_pre19,505,9,9,19.0274,23.5447,0,8,150
phub,wsc_182_R0p0749_pre5,505,38,38,1.7153,20.9611,0,54,150
phub,wsc_183_R0p1927_pre19,505,4,4,19.2768,19.9658,0,3,150
phub,wsc_184_R0p0527_pre10,505,49,49,1.7417,23.9816,0,74,150
phub,wsc_185_R0p0829_pre19,505,24,24,6.6494,21.1568,0,32,150
phub,wsc_186_R0p1321_pre5,505,18,17,4.1151,18.7804,0,19,150
phub,wsc_187_R0p0881_pre14,505,28,27,6.0129,21.8647,0,33,150
phub,wsc_188_R0p0644_pre19,505,39,39,6.0844,21.095,0,52,150
phub,wsc_189_R0p1230_pre19,505,17,17,10.3026,22.1196,0,19,150
phub,wsc_18_R0p1099_pre8,505,22,22,5.7437,23.4407,0,31,150
phub,wsc_190_R0p1297_pre5,505,18,18,7.1075,25.0232,0,20,150
phub,wsc_191_R0p1959_pre7,505,9,8,10.9226,22.0167,0,10,150
phub,wsc_192_R0p1489_pre5,505,13,12,8.3953,26.7351,0,16,150
phub,wsc_193_R0p1259_pre18,505,15,15,12.9476,21.6796,0,17,150
phub,wsc_194_R0p1797_pre8,505,11,10,13.3673,24.8775,0,9,150
phub,wsc_195_R0p0552_pre7,505,50,50,1.154,22.3581,0,67,150
phub,wsc_196_R0p1823_pre10,505,8,8,17.6247,24.6046,0,8,150
phub,wsc_197_R0p1902_pre18,505,7,7,17.9698,22.9505,0,6,150
phub,wsc_198_R0p1698_pre19,505,9,8,13.1985,19.3088,0,7,150
phub,wsc_199_R0p1511_pre19,505,10,10,16.0624,21.0453,0,9,150
phub,wsc_19_R0p1131_pre10,505,17,17,5.7854,22.2941,0,28,150
phub,wsc_1_R0p1268_pre17,505,13,13,11.4363,20.2903,0,14,150
phub,wsc_200_R0p1470_pre8,505,13,13,13.5474,26.1763,0,18,150
phub,wsc_201_R0p1986_pre7,505,8,8,11.1208,24.3667,0,8,150
phub,wsc_202_R0p1019_pre11,505,21,20,7.9694,22.679,0,24,150
phub,wsc_203_R0p1671_pre20,505,8,7,15.3442,20.4244,0,6,150
phub,wsc_204_R0p1305_pre19,505,11,10,16.5953,24.4948,0,11,150
phub,wsc_205_R0p1862_pre13,505,11,10,16.2704,20.8804,0,9,150
phub,wsc_206_R0p1793_pre16,505,6,6,17.9417,22.9936,0,5,150
phub,wsc_207_R0p0914_pre9,505,30,29,6.1831,27.3795,0,33,150
phub,wsc_208_R0p1931_pre18,505,4,4,20.3104,21.4827,0,3,150
phub,wsc_209_R0p0928_pre14,505,27,27,8.0163,27.821,0,30,150
phub,wsc_20_R0p0920_pre9,505,29,29,3.3608,22.4769,0,37,150
phub,wsc_210_R0p1583_pre15,505,11,10,13.0499,24.6793,0,11,150
phub,wsc_211_R0p1170_pre6,505,20,20,5.3237,25.1837,0,21,150
phub,wsc_212_R0p1359_pre17,505,12,12,14.1857,23.503,0,13,150
phub,wsc_213_R0p1476_pre11,505,13,13,11.1218,28.1105,0,14,150
phub,wsc_214_R0p0642_pre10,505,43,43,3.3022,22.2654,0,64,150
phub,wsc_215_R0p1866_pre8,505,8,8,12.6135,21.4392,0,9,150
phub,wsc_216_R0p1880_pre8,505,10,9,16.2119,22.4378,0,8,150
phub,wsc_217_R0p1788_pre20,505,5,5,18.1513,23.895,0,6,150
phub,wsc_218_R0p1971_pre19,505,4,4,19.85,22.7541,0,3,150
phub,wsc_219_R0p1532_pre15,505,13,13,18.3042,27.903,0,13,150
phub,wsc_21_R0p1672_pre11,505,10,10,14.717,25.1738,0,10,150
phub,wsc_220_R0p1836_pre14,505,8,7,16.3995,21.0819,0,6,150
phub,wsc_221_R0p1182_pre12,505,15,15,7.586,23.3223,0,21,150
phub,wsc_222_R0p1066_pre10,505,25,25,5.0293,27.5148,0,27,150
phub,wsc_223_R0p1830_pre13,505,8,8,15.5244,19.3604,0,8,150
phub,wsc_224_R0p1311_pre13,505,12,11,12.5999,23.2617,0,13,150
phub,wsc_225_R0p1404_pre13,505,12,12,14.3798,25.7607,0,14,150
phub,wsc_226_R0p1508_pre18,505,11,10,14.7533,22.4292,0,10,150
phub,wsc_227_R0p1245_pre9,505,19,19,9.8221,25.1336,0,23,150
phub,wsc_228_R0p1492_pre14,505,9,9,16.7829,24.3993,0,10,150
phub,wsc_229_R0p1822_pre10,505,10,8,11.1014,24.3862,0,8,150
phub,wsc_22_R0p1050_pre15,505,22,22,5.751,20.9269,0,24,150
phub,wsc_230_R0p0512_pre19,505,45,45,4.1164,21.9779,0,69,150
phub,wsc_231_R0p1322_pre6,505,16,15,5.6956,22.0789,0,17,150
phub,wsc_232_R0p1369_pre18,505,11,11,18.0092,24.4874,0,11,150
phub,wsc_233_R0p0642_pre6,505,41,41,0.9927,24.71,0,61,150
phub,wsc_234_R0p1701_pre9,505,11,10,13.2646,25.9813,0,9,150
phub,wsc_235_R0p1248_pre20,505,13,12,10.2192,21.0375,0,13,150
phub,wsc_236_R0p1741_pre20,505,8,8,16.6516,20.7517,0,7,150
phub,wsc_237_R0p1216_pre8,505,22,22,7.0158,21.8143,0,23,150
phub,wsc_238_R0p1118_pre9,505,17,17,7.8467,26.0929,0,25,150
phub,wsc_239_R0p0523_pre8,505,47,47,1.7047,18.5866,0,78,150
phub,wsc_23_R0p1541_pre11,505,12,11,17.4349,26.4068,0,11,150
phub,wsc_240_R0p1489_pre11,505,16,15,9.7928,24.1095,0,15,150
phub,wsc_241_R0p0831_pre7,505,29,29,4.05,26.8841,0,38,150
phub,wsc_242_R0p0630_pre12,505,46,46,5.9968,23.3046,0,65,150
phub,wsc_243_R0p1206_pre15,505,16,16,15.1496,30.2172,0,18,150
phub,wsc_244_R0p0638_pre14,505,46,46,4.6459,20.8037,0,61,150
phub,wsc_245_R0p1111_pre11,505,20,20,6.8333,26.9815,0,24,150
phub,wsc_246_R0p0879_pre13,505,27,27,6.4881,19.1409,0,36,150
phub,wsc_247_R0p1638_pre9,505,12,12,11.1871,26.0212,0,11,150
phub,wsc_248_R0p1481_pre19,505,12,11,11.5244,18.4319,0,11,150
phub,wsc_249_R0p1924_pre20,505,5,5,18.2028,20.3036,0,4,150
phub,wsc_24_R0p0995_pre17,505,23,22,8.6401,21.5201,0,24,150
phub,wsc_250_R0p0806_pre16,505,30,30,6.8271,19.6479,0,38,150
phub,wsc_251_R0p1327_pre20,505,11,11,17.7839,26.6602,0,11,150
phub,wsc_252_R0p1344_pre19,505,14,13,13.7982,23.3193,0,15,150
phub,wsc_253_R0p0883_pre11,505,32,32,2.4813,22.2432,0,41,150
phub,wsc_254_R0p1167_pre19,505,19,18,12.7348,22.3082,0,17,150
phub,wsc_255_R0p1713_pre19,505,7,6,17.2968,18.986,0,6,150
phub,wsc_256_R0p1574_pre15,505,9,8,11.9794,19.3223,0,11,150
phub,wsc_257_R0p1620_pre11,505,12,12,11.1817,21.2827,0,11,150
phub,wsc_258_R0p1027_pre20,505,21,21,9.9297,23.2218,0,24,150
phub,wsc_259_R0p1400_pre7,505,16,15,4.4201,20.3671,0,16,150
phub,wsc_25_R0p0741_pre18,505,33,33,11.391,27.6086,0,50,150
phub,wsc_260_R0p1897_pre6,505,9,8,11.3796,21.2394,0,8,150
phub,wsc_261_R0p1015_pre14,505,22,22,6.0859,21.4462,0,26,150
phub,wsc_262_R0p1761_pre14,505,11,10,14.3042,20.0662,0,9,150
phub,wsc_263_R0p1006_pre7,505,23,23,6.1313,26.8313,0,32,150
phub,wsc_264_R0p1069_pre13,505,22,22,4.7401,18.7919,0,29,150
phub,wsc_265_R0p0973_pre15,505,24,23,7.5507,24.8435,0,27,150
phub,wsc_266_R0p0808_pre6,505,41,41,0.9613,24.681,0,46,150
phub,wsc_267_R0p1367_pre19,505,12,11,14.3086,17.5151,0,11,150
phub,wsc_268_R0p1944_pre5,505,9,8,9.1307,24.6131,0,9,150
phub,wsc_269_R0p0966_pre13,505,23,22,10.3566,23.8367,0,27,150
phub,wsc_26_R0p1237_pre13,505,15,14,9.4968,20.0392,0,15,150
phub,wsc_270_R0p1083_pre17,505,16,15,11.7032,21.1074,0,19,150
phub,wsc_271_R0p1673_pre15,505,10,9,13.3919,20.7366,0,8,150
phub,wsc_272_R0p1151_pre7,505,21,20,7.0581,25.7987,0,23,150
phub,wsc_273_R0p0788_pre11,505,33,33,2.9106,24.1747,0,46,150
phub,wsc_274_R0p1964_pre7,505,10,10,14.1116,23.542,0,9,150
phub,wsc_275_R0p1887_pre19,505,5,5,20.5112,22.1536,0,4,150
phub,wsc_276_R0p1733_pre11,505,8,8,13.5476,21.6105,0,9,150
phub,wsc_277_R0p1270_pre17,505,15,15,10.9278,19.36,0,15,150
phub,wsc_278_R0p1549_pre11,505,12,11,11.9193,24.9344,0,15,150
phub,wsc_279_R0p0576_pre13,505,48,48,4.2067,24.5098,0,64,150
phub,wsc_27_R0p1547_pre8,505,11,10,13.4439,27.6048,0,12,150
phub,wsc_280_R0p1996_pre12,505,7,7,15.1702,23.0074,0,6,150
phub,wsc_281_R0p1166_pre18,505,12,12,9.2611,18.614,0,18,150
phub,wsc_282_R0p1437_pre12,505,14,13,11.2044,23.1332,0,13,150
phub,wsc_283_R0p1618_pre17,505,9,8,19.2111,25.6982,0,7,150
phub,wsc_284_R0p1445_pre11,505,14,13,11.749,25.4786,0,13,150
phub,wsc_285_R0p0563_pre12,505,48,48,3.2339,24.7986,0,71,150
phub,wsc_286_R0p1141_pre8,505,21,21,7.9778,22.8321,0,24,150
phub,wsc_287_R0p1777_pre15,505,8,7,16.737,24.8708,0,6,150
phub,wsc_288_R0p1600_pre11,505,11,11,14.0129,23.6448,0,10,150
phub,wsc_289_R0p1764_pre10,505,10,10,14.5678,28.8536,0,10,150
phub,wsc_28_R0p1778_pre8,505,11,11,8.1053,25.8814,0,10,150
phub,wsc_290_R0p1089_pre12,505,23,23,7.9412,23.9822,0,26,150
phub,wsc_291_R0p0790_pre7,505,39,39,2.9331,23.3378,0,48,150
phub,wsc_292_R0p1598_pre5,505,12,11,3.9431,27.0015,0,13,150
phub,wsc_293_R0p1538_pre13,505,10,10,8.3067,17.9314,0,11,150
phub,wsc_294_R0p1470_pre6,505,15,15,8.9086,25.146,0,16,150
phub,wsc_295_R0p0712_pre11,505,40,40,4.3291,25.0454,0,52,150
phub,wsc_296_R0p1497_pre8,505,13,12,12.5782,23.3398,0,13,150
phub,wsc_297_R0p0612_pre16,505,39,39,3.989,20.738,0,58,150
phub,wsc_298_R0p1276_pre13,505,16,15,10.6023,24.3764,0,17,150
phub,wsc_299_R0p1568_pre7,505,12,11,12.5892,27.2455,0,12,150
phub,wsc_29_R0p0575_pre14,505,47,47,2.7486,21.2077,0,66,150
phub,wsc_2_R0p0892_pre6,505,35,35,3.5691,24.9363,0,43,150
phub,wsc_300_R0p1506_pre17,505,9,8,14.1384,18.3256,0,7,150
phub,wsc_301_R0p1101_pre7,505,23,23,7.3528,24.4452,0,25,150
phub,wsc_302_R0p1640_pre18,505,9,8,14.2884,18.2247,0,7,150
phub,wsc_303_R0p0822_pre18,505,30,30,4.9521,19.4428,0,39,150
phub,wsc_304_R0p1343_pre18,505,14,14,10.8549,17.6723,0,13,150
phub,wsc_305_R0p1573_pre16,505,10,10,15.0318,23.9096,0,13,150
phub,wsc_306_R0p0587_pre6,505,50,50,0.5421,20.1099,0,69,150
phub,wsc_307_R0p1449_pre12,505,14,13,11.2512,24.2491,0,14,150
phub,wsc_308_R0p1530_pre15,505,8,8,20.021,22.6305,0,7,150
phub,wsc_309_R0p0850_pre5,505,34,34,2.3625,22.1775,0,43,150
phub,wsc_30_R0p0854_pre17,505,29,29,8.4688,22.9189,0,32,150
phub,wsc_310_R0p1278_pre5,505,22,21,4.4508,24.0451,0,22,150
phub,wsc_311_R0p0726_pre8,505,36,36,1.9407,24.786,0,49,150
phub,wsc_312_R0p1324_pre18,505,12,12,12.9064,21.7861,0,12,150
phub,wsc_313_R0p1448_pre8,505,16,16,7.6326,25.8066,0,17,150
phub,wsc_314_R0p1884_pre15,505,6,6,19.6739,21.9897,0,6,150
phub,wsc_315_R0p1678_pre6,505,10,10,8.712,23.6229,0,10,150
phub,wsc_316_R0p1995_pre12,505,9,8,12.3352,25.7843,0,7,150
phub,wsc_317_R0p1901_pre19,505,4,4,16.8912,20.8034,0,3,150
phub,wsc_318_R0p1938_pre18,505,7,6,17.3535,22.438,0,5,150
phub,wsc_319_R0p0818_pre17,505,35,35,6.6392,21.8261,0,43,150
phub,wsc_31_R0p1855_pre12,505,10,9,13.6789,25.2317,0,9,150
phub,wsc_320_R0p1721_pre9,505,10,10,12.0444,24.857,0,11,150
phub,wsc_321_R0p1488_pre7,505,16,16,9.4653,23.6261,0,16,150
phub,wsc_322_R0p0963_pre9,505,29,29,6.2378,24.176,0,32,150
phub,wsc_323_R0p0918_pre16,505,29,28,6.581,19.9163,0,32,150
phub,wsc_324_R0p0866_pre9,505,29,29,4.9838,27.7652,0,40,150
phub,wsc_325_R0p1203_pre14,505,20,20,7.3196,22.7585,0,22,150
phub,wsc_326_R0p0572_pre20,505,43,43,6.6252,25.0987,0,58,150
phub,wsc_327_R0p1456_pre13,505,12,12,15.4233,23.1999,0,11,150
phub,wsc_328_R0p1892_pre12,505,9,8,18.1745,22.3006,0,7,150
phub,wsc_329_R0p0857_pre18,505,30,30,8.7115,24.2071,0,36,150
phub,wsc_32_R0p0740_pre18,505,30,30,4.4633,19.8131,0,43,150
phub,wsc_330_R0p1976_pre7,505,9,9,13.0764,25.0351,0,12,150
phub,wsc_331_R0p1010_pre17,505,21,21,8.5661,19.8154,0,28,150
phub,wsc_332_R0p0695_pre12,505,44,43,2.9298,24.0448,0,58,150
phub,wsc_333_R0p1879_pre11,505,9,8,15.1029,25.6973,0,7,150
phub,wsc_334_R0p1168_pre5,505,19,19,4.9743,22.5293,0,24,150
phub,wsc_335_R0p0991_pre6,505,30,30,3.3341,23.1172,0,33,150
phub,wsc_336_R0p1917_pre19,505,7,6,18.6287,22.4827,0,5,150
phub,wsc_337_R0p0543_pre8,505,50,50,1.467,25.062,0,78,150
phub,wsc_338_R0p1628_pre14,505,8,8,13.8692,21.7012,0,8,150
phub,wsc_339_R0p0939_pre15,505,27,24,4.2632,22.5951,0,31,150
phub,wsc_33_R0p1165_pre11,505,19,19,5.9576,19.526,0,22,150
phub,wsc_340_R0p1743_pre7,505,10,10,12.4957,23.5955,0,10,150
phub,wsc_341_R0p1416_pre7,505,17,16,9.6476,23.2264,0,17,150
phub,wsc_342_R0p1399_pre16,505,13,13,10.2505,24.5537,0,15,150
phub,wsc_343_R0p1681_pre14,505,9,8,13.7827,19.0978,0,7,150
phub,wsc_344_R0p1548_pre7,505,13,12,5.2347,20.666,0,14,150
phub,wsc_345_R0p1473_pre6,505,18,17,5.1258,26.0193,0,17,150
phub,wsc_346_R0p0856_pre15,505,30,30,4.9369,19.4059,0,35,150
phub,wsc_347_R0p0921_pre10,505,29,28,2.9515,19.63,0,33,150
phub,wsc_348_R0p0818_pre13,505,32,32,5.8227,18.7178,0,39,150
phub,wsc_349_R0p1038_pre8,505,24,24,3.8975,23.3143,0,35,150
phub,wsc_34_R0p0506_pre6,505,49,49,0.5867,25.1792,0,80,150
phub,wsc_350_R0p1845_pre19,505,7,6,15.1214,16.3816,0,5,150
phub,wsc_351_R0p1469_pre8,505,15,15,8.1717,23.6512,0,21,150
phub,wsc_352_R0p0920_pre5,505,27,27,2.1114,22.4116,0,37,150
phub,wsc_353_R0p1683_pre11,505,9,8,14.5144,23.5658,0,9,150
phub,wsc_354_R0p1430_pre5,505,15,15,6.1513,26.6494,0,19,150
phub,wsc_355_R0p0815_pre7,505,33,33,2.825,20.8796,0,45,150
phub,wsc_356_R0p0919_pre5,505,26,26,1.9422,23.1384,0,36,150
phub,wsc_357_R0p0921_pre8,505,31,31,2.635,23.1535,0,40,150
phub,wsc_358_R0p1411_pre16,505,13,13,12.8419,23.3343,0,15,150
phub,wsc_359_R0p1167_pre6,505,19,19,7.2285,24.9476,0,29,150
phub,wsc_35_R0p1007_pre18,505,20,20,8.6853,23.7757,0,22,150
phub,wsc_360_R0p1889_pre18,505,4,4,21.4496,23.5493,0,3,150
phub,wsc_361_R0p1072_pre18,505,20,19,10.6547,19.6061,0,21,150
phub,wsc_362_R0p0711_pre7,505,38,35,1.1013,23.379,0,47,150
phub,wsc_363_R0p1926_pre8,505,7,7,15.2035,23.1338,0,7,150
phub,wsc_364_R0p0582_pre6,505,50,50,2.128,24.2176,0,73,150
phub,wsc_365_R0p1639_pre14,505,7,7,14.6375,23.1889,0,6,150
phub,wsc_366_R0p0715_pre8,505,41,41,2.688,28.2688,0,56,150
phub,wsc_367_R0p1061_pre9,505,23,22,7.5148,27.6955,0,24,150
phub,wsc_368_R0p0988_pre14,505,21,21,7.8809,23.056,0,26,150
phub,wsc_369_R0p1697_pre20,505,6,6,18.7776,23.892,0,5,150
phub,wsc_36_R0p0771_pre11,505,36,36,4.0389,22.7615,0,44,150
phub,wsc_370_R0p1746_pre15,505,7,6,16.4045,22.6182,0,7,150
phub,wsc_371_R0p0990_pre11,505,26,25,5.4711,21.8919,0,30,150
phub,wsc_372_R0p1551_pre14,505,10,9,14.7355,20.4313,0,9,150
phub,wsc_373_R0p1912_pre17,505,7,6,19.2513,24.1575,0,6,150
phub,wsc_374_R0p0681_pre9,505,40,40,2.4742,20.3185,0,56,150
phub,wsc_375_R0p1895_pre16,505,5,5,17.2266,20.054,0,4,150
phub,wsc_376_R0p1211_pre18,505,13,13,8.9695,18.345,0,16,150
phub,wsc_377_R0p0973_pre5,505,23,22,2.8657,29.3643,0,29,150
phub,wsc_378_R0p1347_pre17,505,15,14,13.9786,19.5063,0,14,150
phub,wsc_379_R0p1427_pre13,505,9,8,13.0584,23.8504,0,10,150
phub,wsc_37_R0p1556_pre15,505,11,11,15.1569,23.7762,0,12,150
phub,wsc_380_R0p0826_pre16,505,27,27,6.3553,24.0341,0,37,150
phub,wsc_381_R0p1711_pre15,505,10,8,16.178,21.6067,0,7,150
phub,wsc_382_R0p0900_pre20,505,24,24,9.0688,19.4472,0,29,150
phub,wsc_383_R0p0558_pre18,505,46,46,2.8788,25.3555,0,67,150
phub,wsc_384_R0p1175_pre9,505,21,21,5.4095,27.3807,0,31,150
phub,wsc_385_R0p0985_pre17,505,26,26,5.7537,20.7792,0,31,150
phub,wsc_386_R0p0849_pre20,505,29,29,5.9256,19.6704,0,33,150
phub,wsc_387_R0p1033_pre11,505,19,19,7.4067,23.164,0,26,150
phub,wsc_388_R0p0788_pre8,505,36,36,3.0403,26.2542,0,47,150
phub,wsc_389_R0p0515_pre15,505,45,45,2.0098,22.7207,0,70,150
phub,wsc_38_R0p1229_pre10,505,18,18,7.7755,25.5192,0,22,150
phub,wsc_390_R0p1452_pre6,505,16,15,3.9816,16.53,0,16,150
phub,wsc_391_R0p0507_pre6,505,50,50,0.0163,20.8283,0,76,150
phub,wsc_392_R0p0877_pre12,505,33,33,5.2826,21.3471,0,38,150
phub,wsc_393_R0p1071_pre10,505,19,19,5.2902,20.3459,0,25,150
phub,wsc_394_R0p1692_pre15,505,7,7,18.3438,23.5789,0,7,150
phub,wsc_395_R0p0609_pre17,505,45,45,5.6161,24.1968,0,59,150
phub,wsc_396_R0p1073_pre12,505,17,16,9.4053,25.5915,0,20,150
phub,wsc_397_R0p1143_pre19,505,19,18,10.0358,18.8362,0,17,150
phub,wsc_398_R0p1709_pre14,505,10,9,17.1982,22.5668,0,8,150
phub,wsc_399_R0p1522_pre5,505,14,14,6.9225,23.2453,0,15,150
phub,wsc_39_R0p1253_pre8,505,18,18,7.999,22.9449,0,18,150
phub,wsc_3_R0p0628_pre7,505,50,50,1.1102,22.3761,0,63,150
phub,wsc_400_R0p0799_pre10,505,35,34,4.0933,24.1294,0,41,150
phub,wsc_401_R0p1540_pre8,505,12,11,9.6669,24.3509,0,12,150
phub,wsc_402_R0p0897_pre7,505,34,34,5.9079,26.8829,0,40,150
phub,wsc_403_R0p0766_pre6,505,39,39,3.1952,24.4698,0,55,150
phub,wsc_404_R0p0954_pre14,505,26,25,4.9049,24.9546,0,29,150
phub,wsc_405_R0p1831_pre8,505,9,8,13.7117,22.651,0,9,150
phub,wsc_406_R0p0610_pre17,505,46,46,5.2942,24.3945,0,60,150
phub,wsc_407_R0p0740_pre16,505,34,34,5.7453,28.2257,0,48,150
phub,wsc_408_R0p1399_pre5,505,15,15,7.0551,21.2472,0,17,150
phub,wsc_409_R0p0965_pre14,505,23,23,5.6945,23.9116,0,28,150
phub,wsc_40_R0p1595_pre5,505,15,14,5.5456,21.1606,0,14,150
phub,wsc_410_R0p1184_pre19,505,13,13,14.2657,20.6535,0,14,150
phub,wsc_411_R0p0676_pre7,505,41,41,2.8117,17.8854,0,59,150
phub,wsc_412_R0p1552_pre13,505,11,10,13.8374,25.2787,0,10,150
phub,wsc_413_R0p0569_pre13,505,43,43,1.46,19.1564,0,63,150
phub,wsc_414_R0p1167_pre11,505,20,20,9.1986,24.2331,0,23,150
phub,wsc_415_R0p1654_pre14,505,9,9,17.157,24.3408,0,9,150
phub,wsc_416_R0p0503_pre16,505,48,48,2.5744,21.9469,0,71,150
phub,wsc_417_R0p1929_pre7,505,9,9,11.3497,21.5376,0,9,150
phub,wsc_418_R0p0979_pre10,505,24,24,6.6181,26.0604,0,32,150
phub,wsc_419_R0p1963_pre18,505,4,3,19.2345,20.9379,0,2,150
phub,wsc_41_R0p1931_pre18,505,6,6,15.6645,21.6884,0,5,150
phub,wsc_420_R0p1666_pre6,505,12,11,6.8215,26.1322,0,12,150
phub,wsc_421_R0p0773_pre9,505,36,36,2.5288,27.4903,0,46,150
phub,wsc_422_R0p1428_pre7,505,13,12,8.3007,22.8224,0,13,150
phub,wsc_423_R0p1399_pre13,505,15,14,10.6677,22.3046,0,14,150
phub,wsc_424_R0p1617_pre5,505,12,12,6.7628,26.1456,0,13,150
phub,wsc_425_R0p0633_pre5,505,46,46,1.506,23.9383,0,59,150
phub,wsc_426_R0p1311_pre19,505,12,12,13.0935,25.5012,0,12,150
phub,wsc_427_R0p1319_pre11,505,17,16,7.9688,25.3353,0,16,150
phub,wsc_428_R0p1457_pre9,505,13,13,11.2805,25.7165,0,13,150
phub,wsc_429_R0p1328_pre18,505,15,15,14.2749,21.5782,0,14,150
phub,wsc_42_R0p1661_pre15,505,10,9,12.5297,21.8709,0,8,150
phub,wsc_430_R0p1622_pre8,505,12,12,10.277,22.1651,0,13,150
phub,wsc_431_R0p0587_pre16,505,43,43,2.3912,22.3378,0,67,150
phub,wsc_432_R0p1487_pre5,505,15,14,5.6236,22.1187,0,15,150
phub,wsc_433_R0p1055_pre8,505,20,20,6.0122,26.8573,0,26,150
phub,wsc_434_R0p0849_pre14,505,32,31,7.2064,23.0379,0,37,150
phub,wsc_435_R0p1645_pre17,505,10,10,12.3109,18.4594,0,9,150
phub,wsc_436_R0p0884_pre13,505,33,33,6.2814,22.4852,0,39,150
phub,wsc_437_R0p0871_pre7,505,31,31,2.8944,23.9357,0,46,150
phub,wsc_438_R0p1789_pre14,505,10,9,17.0888,20.9189,0,8,150
phub,wsc_439_R0p1958_pre16,505,6,6,14.6816,20.0991,0,7,150
phub,wsc_43_R0p1478_pre11,505,14,13,12.5779,25.8365,0,12,150
phub,wsc_440_R0p1964_pre19,505,4,4,21.3517,22.9114,0,3,150
phub,wsc_441_R0p0808_pre6,505,36,36,2.9648,25.4036,0,46,150
phub,wsc_442_R0p1144_pre14,505,19,18,7.9323,21.3717,0,21,150
phub,wsc_443_R0p0598_pre20,505,44,44,3.2782,18.7043,0,62,150
phub,wsc_444_R0p1736_pre14,505,7,6,12.5848,21.3119,0,7,150
phub,wsc_445_R0p1288_pre14,505,17,16,10.5425,22.0298,0,16,150
phub,wsc_446_R0p1595_pre5,505,11,11,11.9409,24.2912,0,15,150
phub,wsc_447_R0p1459_pre8,505,12,12,9.5342,23.1532,0,15,150
phub,wsc_448_R0p0549_pre5,505,56,56,0.4667,26.9878,0,75,150
phub,wsc_449_R0p1834_pre9,505,11,11,11.2835,22.9351,0,11,150
phub,wsc_44_R0p0684_pre18,505,38,38,4.3068,18.1087,0,50,150
phub,wsc_450_R0p1239_pre20,505,17,17,15.2182,20.8452,0,17,150
phub,wsc_451_R0p1102_pre9,505,23,23,5.1265,23.41,0,28,150
phub,wsc_452_R0p1939_pre9,505,7,6,14.4511,23.2076,0,5,150
phub,wsc_453_R0p0778_pre13,505,39,39,5.1083,23.8085,0,49,150
phub,wsc_454_R0p0669_pre20,505,35,35,6.8417,24.1141,0,46,150
phub,wsc_455_R0p1113_pre11,505,22,21,7.7126,20.7165,0,22,150
phub,wsc_456_R0p1205_pre12,505,17,16,7.5853,20.655,0,18,150
phub,wsc_457_R0p1070_pre9,505,20,19,7.2104,23.8798,0,24,150
phub,wsc_458_R0p1424_pre16,505,10,9,14.7934,21.227,0,10,150
phub,wsc_459_R0p1807_pre7,505,12,12,9.5383,22.2237,0,12,150
phub,wsc_45_R0p1360_pre16,505,15,14,11.0173,24.6256,0,15,150
phub,wsc_460_R0p0527_pre16,505,48,48,0.8464,24.3835,0,80,150
phub,wsc_461_R0p1771_pre16,505,9,8,18.3027,24.8726,0,8,150
phub,wsc_462_R0p1816_pre5,505,10,9,9.8108,26.5496,0,9,150
phub,wsc_463_R0p1866_pre10,505,8,8,13.5751,21.9727,0,8,150
phub,wsc_464_R0p1329_pre9,505,18,18,6.2408,23.7591,0,18,150
phub,wsc_465_R0p1838_pre7,505,8,8,17.3925,28.08,0,8,150
phub,wsc_466_R0p0773_pre13,505,35,35,6.8197,20.9049,0,44,150
phub,wsc_467_R0p1294_pre18,505,15,15,12.3725,19.8318,0,18,150
phub,wsc_468_R0p1692_pre12,505,10,9,18.2444,23.3201,0,9,150
phub,wsc_469_R0p1258_pre9,505,19,18,7.7958,26.5612,0,19,150
phub,wsc_46_R0p1858_pre8,505,11,10,13.3417,21.7723,0,10,150
phub,wsc_470_R0p1192_pre12,505,15,15,7.2906,20.6453,0,18,150
phub,wsc_471_R0p1098_pre20,505,24,23,11.7157,22.8446,0,24,150
phub,wsc_472_R0p1309_pre10,505,17,17,8.9711,26.3316,0,24,150
phub,wsc_473_R0p1656_pre10,505,7,7,11.455,23.987,0,9,150
phub,wsc_474_R0p1697_pre10,505,10,10,13.4731,23.0811,0,10,150
phub,wsc_475_R0p0588_pre9,505,48,48,1.7912,24.2422,0,69,150
phub,wsc_476_R0p0558_pre10,505,49,49,5.9724,27.9246,0,81,150
phub,wsc_477_R0p1760_pre7,505,9,9,10.1707,23.5076,0,11,150
phub,wsc_478_R0p1163_pre15,505,21,20,9.0293,23.4433,0,20,150
phub,wsc_479_R0p0887_pre19,505,29,29,6.4162,19.5918,0,37,150
phub,wsc_47_R0p1613_pre13,505,9,9,16.6429,25.3611,0,8,150
phub,wsc_480_R0p1613_pre5,505,12,11,9.2258,22.3706,0,12,150
phub,wsc_481_R0p1800_pre11,505,10,9,10.702,21.4281,0,8,150
phub,wsc_482_R0p1590_pre5,505,14,13,7.9756,25.0305,0,14,150
phub,wsc_483_R0p0664_pre8,505,45,45,1.8754,25.0998,0,62,150
phub,wsc_484_R0p0584_pre17,505,42,42,3.9061,19.0473,0,53,150
phub,wsc_485_R0p1311_pre7,505,14,13,7.5875,24.1635,0,17,150
phub,wsc_486_R0p1701_pre10,505,11,10,13.93,22.0211,0,10,150
phub,wsc_487_R0p1279_pre9,505,15,15,8.6146,23.529,0,21,150
phub,wsc_488_R0p0520_pre13,505,48,48,4.8408,24.1415,0,68,150
phub,wsc_489_R0p1448_pre14,505,12,12,14.7303,22.1882,0,12,150
phub,wsc_48_R0p1082_pre12,505,20,20,8.657,24.8128,0,22,150
phub,wsc_490_R0p0944_pre11,505,29,29,6.5853,20.7369,0,33,150
phub,wsc_491_R0p1647_pre12,505,10,9,12.0612,24.1394,0,10,150
phub,wsc_492_R0p1383_pre18,505,12,12,14.3922,24.8157,0,12,150
phub,wsc_493_R0p1798_pre17,505,5,5,22.0083,23.1945,0,4,150
phub,wsc_494_R0p1844_pre14,505,7,7,19.4605,23.509,0,6,150
phub,wsc_495_R0p1421_pre16,505,14,14,12.5651,21.9315,0,14,150
phub,wsc_496_R0p1889_pre16,505,5,5,14.3783,16.8788,0,4,150
phub,wsc_497_R0p1196_pre7,505,22,21,5.3249,24.253,0,23,150
phub,wsc_498_R0p1666_pre12,505,9,8,10.6471,19.9456,0,9,150
phub,wsc_499_R0p1913_pre9,505,7,7,14.6744,25.487,0,8,150
phub,wsc_49_R0p1044_pre18,505,18,18,8.3012,22.5188,0,25,150
phub,wsc_4_R0p1915_pre19,505,4,4,21.1722,23.8769,0,3,150
phub,wsc_500_R0p1350_pre11,505,12,12,9.6002,23.292,0,12,150
phub,wsc_501_R0p1995_pre11,505,5,5,16.8831,21.9411,0,5,150
phub,wsc_502_R0p0709_pre10,505,41,41,4.5835,25.4328,0,56,150
phub,wsc_503_R0p1117_pre16,505,16,16,10.8369,27.8631,0,22,150
phub,wsc_504_R0p0519_pre5,505,49,49,0.2935,23.4532,0,75,150
phub,wsc_505_R0p1776_pre9,505,9,9,9.3591,19.3922,0,9,150
phub,wsc_506_R0p0952_pre12,505,27,27,4.472,20.0187,0,30,150
phub,wsc_507_R0p0903_pre5,505,28,28,1.877,22.7228,0,36,150
phub,wsc_508_R0p1769_pre8,505,10,10,8.2401,25.2588,0,13,150
phub,wsc_509_R0p1066_pre13,505,20,19,10.462,25.6599,0,23,150
phub,wsc_50_R0p1681_pre16,505,6,6,12.3639,15.3574,0,5,150
phub,wsc_510_R0p1358_pre11,505,14,14,8.3485,24.0325,0,17,150
phub,wsc_511_R0p1920_pre17,505,8,7,17.9467,24.205,0,6,150
phub,wsc_512_R0p0766_pre16,505,33,33,5.461,19.6623,0,40,150
phub,wsc_513_R0p1072_pre10,505,23,22,8.8325,22.6914,0,26,150
phub,wsc_514_R0p1515_pre10,505,13,13,11.5512,23.9753,0,14,150
phub,wsc_515_R0p1489_pre20,505,9,9,17.837,22.3456,0,9,150
phub,wsc_516_R0p0619_pre16,505,43,43,4.3175,26.3447,0,62,150
phub,wsc_517_R0p1672_pre16,505,7,7,12.6893,20.4692,0,7,150
phub,wsc_518_R0p0823_pre15,505,33,33,5.2182,19.3175,0,36,150
phub,wsc_519_R0p0745_pre9,505,37,37,0.9555,25.0865,0,52,150
phub,wsc_51_R0p1914_pre19,505,5,5,18.6589,22.0,0,4,150
phub,wsc_520_R0p0914_pre16,505,28,27,4.8989,23.7353,0,30,150
phub,wsc_521_R0p1685_pre17,505,7,7,17.461,23.5133,0,6,150
phub,wsc_522_R0p0518_pre10,505,54,54,1.9198,25.5048,0,78,150
phub,wsc_523_R0p0512_pre16,505,53,53,2.0648,18.8951,0,76,150
phub,wsc_524_R0p0652_pre7,505,40,40,1.3337,23.1439,0,58,150
phub,wsc_525_R0p1614_pre16,505,10,9,10.7918,20.8898,0,10,150
phub,wsc_526_R0p1009_pre9,505,20,20,3.7729,20.5486,0,27,150
phub,wsc_527_R0p1269_pre11,505,17,17,8.6695,20.9944,0,19,150
phub,wsc_528_R0p1822_pre10,505,9,9,15.9607,21.2775,0,10,150
phub,wsc_529_R0p0682_pre13,505,42,42,3.9493,24.2297,0,57,150
phub,wsc_52_R0p1424_pre9,505,13,12,7.4774,21.2761,0,14,150
phub,wsc_530_R0p1441_pre16,505,12,12,11.0476,22.1138,0,13,150
phub,wsc_531_R0p1753_pre8,505,11,11,11.8059,21.2109,0,10,150
phub,wsc_532_R0p0748_pre16,505,38,38,3.6633,19.16,0,46,150
phub,wsc_533_R0p1348_pre18,505,13,12,13.1046,20.9658,0,12,150
phub,wsc_534_R0p1229_pre5,505,18,17,6.8264,24.7392,0,20,150
phub,wsc_535_R0p1975_pre7,505,10,9,14.677,25.1655,0,9,150
phub,wsc_536_R0p0807_pre12,505,34,33,5.786,26.7747,0,41,150
phub,wsc_537_R0p1036_pre18,505,20,19,8.8222,22.0322,0,21,150
phub,wsc_538_R0p1288_pre7,505,19,18,5.4213,23.9415,0,19,150
phub,wsc_539_R0p0527_pre16,505,51,51,3.2664,25.1592,0,68,150
phub,wsc_53_R0p0517_pre15,505,51,51,2.3109,18.5364,0,74,150
phub,wsc_540_R0p0889_pre8,505,33,33,3.6088,21.0359,0,38,150
phub,wsc_541_R0p1601_pre6,505,13,12,9.8511,27.1651,0,13,150
phub,wsc_542_R0p1970_pre17,505,5,5,17.686,19.9677,0,4,150
phub,wsc_543_R0p1197_pre7,505,19,19,5.92,23.3738,0,21,150
phub,wsc_544_R0p0993_pre16,505,23,23,6.1566,21.5985,0,29,150
phub,wsc_545_R0p0803_pre17,505,32,32,6.4603,25.2816,0,40,150
phub,wsc_546_R0p1647_pre19,505,7,7,20.4114,25.5377,0,7,150
phub,wsc_547_R0p0552_pre18,505,41,41,1.9645,26.4842,0,64,150
phub,wsc_548_R0p0803_pre5,505,33,32,3.1052,23.9752,0,40,150
phub,wsc_549_R0p0610_pre10,505,43,43,2.0179,24.198,0,56,150
phub,wsc_54_R0p0834_pre9,505,33,33,1.5521,26.6627,0,42,150
phub,wsc_550_R0p0983_pre17,505,25,24,7.3119,19.5254,0,28,150
phub,wsc_551_R0p1945_pre8,505,9,9,14.6142,21.8535,0,8,150
phub,wsc_552_R0p0684_pre20,505,33,33,3.4298,21.6532,0,46,150
phub,wsc_553_R0p1564_pre13,505,10,9,15.7985,27.4499,0,10,150
phub,wsc_554_R0p1986_pre20,505,5,4,19.326,20.2995,0,3,150
phub,wsc_555_R0p0824_pre20,505,28,28,5.5611,19.3845,0,35,150
phub,wsc_556_R0p1599_pre8,505,12,11,11.0318,23.0703,0,11,150
phub,wsc_557_R0p1728_pre20,505,9,9,14.6175,21.8571,0,9,150
phub,wsc_558_R0p1479_pre13,505,12,11,15.8067,24.4886,0,11,150
phub,wsc_559_R0p1740_pre12,505,10,10,14.1202,23.8989,0,10,150
phub,wsc_55_R0p1748_pre16,505,7,7,14.5208,21.1457,0,7,150
phub,wsc_560_R0p1213_pre14,505,17,16,9.9632,20.142,0,17,150
phub,wsc_561_R0p1550_pre7,505,15,15,11.1662,25.2619,0,14,150
phub,wsc_562_R0p1470_pre5,505,14,13,7.4313,19.0697,0,15,150
phub,wsc_563_R0p0774_pre5,505,33,33,2.1602,27.2924,0,48,150
phub,wsc_564_R0p1493_pre19,505,10,9,14.0491,23.4978,0,9,150
phub,wsc_565_R0p1211_pre11,505,20,19,5.6617,18.6102,0,19,150
phub,wsc_566_R0p1959_pre16,505,6,6,19.3916,22.396,0,5,150
phub,wsc_567_R0p1479_pre20,505,11,11,15.9727,27.3445,0,11,150
phub,wsc_568_R0p1625_pre8,505,14,14,10.8406,24.7784,0,14,150
phub,wsc_569_R0p1703_pre20,505,6,5,20.7897,23.5173,0,4,150
phub,wsc_56_R0p1589_pre11,505,11,11,9.0014,21.281,0,14,150
phub,wsc_570_R0p1581_pre7,505,11,10,8.2707,25.1701,0,14,150
phub,wsc_571_R0p1544_pre12,505,11,10,11.6054,21.0625,0,11,150
phub,wsc_572_R0p1408_pre19,505,10,10,15.79,20.5939,0,10,150
phub,wsc_573_R0p0743_pre17,505,36,36,5.5695,20.7132,0,42,150
phub,wsc_574_R0p1267_pre18,505,12,12,13.9775,24.305,0,15,150
phub,wsc_575_R0p0630_pre17,505,42,42,4.7661,17.4038,0,54,150
phub,wsc_576_R0p1717_pre19,505,6,6,15.793,20.8555,0,6,150
phub,wsc_577_R0p1479_pre17,505,9,9,10.8498,21.7211,0,12,150
phub,wsc_578_R0p1047_pre18,505,23,22,9.1295,21.4101,0,23,150
phub,wsc_579_R0p0878_pre6,505,34,33,1.8776,26.8108,0,37,150
phub,wsc_57_R0p1526_pre18,505,11,11,14.1023,20.8833,0,11,150
phub,wsc_580_R0p0567_pre13,505,40,40,1.6915,24.1919,0,62,150
phub,wsc_581_R0p1344_pre7,505,17,16,6.9009,21.0171,0,17,150
phub,wsc_582_R0p0849_pre18,505,27,27,8.3761,23.7957,0,34,150
phub,wsc_583_R0p0609_pre18,505,44,44,4.5806,20.6988,0,53,150
phub,wsc_584_R0p1917_pre16,505,7,6,15.5564,23.7966,0,5,150
phub,wsc_585_R0p0924_pre8,505,30,29,4.4788,27.7827,0,34,150
phub,wsc_586_R0p0870_pre19,505,24,24,5.821,19.4931,0,31,150
phub,wsc_587_R0p0953_pre5,505,36,35,2.8691,25.4638,0,41,150
phub,wsc_588_R0p1998_pre20,505,4,4,20.0147,21.6524,0,3,150
phub,wsc_589_R0p1473_pre15,505,13,12,13.6711,20.9426,0,11,150
phub,wsc_58_R0p0964_pre14,505,23,23,6.8801,22.822,0,25,150
phub,wsc_590_R0p1554_pre5,505,15,14,7.8154,23.3534,0,13,150
phub,wsc_591_R0p0950_pre16,505,23,23,7.8786,22.027,0,30,150
phub,wsc_592_R0p0617_pre13,505,44,44,2.2833,22.6178,0,56,150
phub,wsc_593_R0p1508_pre9,505,14,14,13.155,25.5485,0,14,150
phub,wsc_594_R0p0904_pre12,505,25,25,5.8122,20.6227,0,34,150
phub,wsc_595_R0p1385_pre14,505,13,13,11.507,25.2739,0,15,150
phub,wsc_596_R0p1460_pre15,505,12,11,14.9955,23.2576,0,11,150
phub,wsc_597_R0p1631_pre17,505,8,8,14.4841,22.5956,0,10,150
phub,wsc_598_R0p1974_pre10,505,7,6,16.8911,25.2988,0,7,150
phub,wsc_599_R0p1556_pre20,505,10,10,14.5018,22.5308,0,9,150
phub,wsc_59_R0p1382_pre16,505,10,10,14.9866,21.4188,0,11,150
phub,wsc_5_R0p1708_pre5,505,11,11,12.8266,23.9454,0,15,150
phub,wsc_600_R0p0820_pre13,505,33,33,2.9642,22.9599,0,44,150
phub,wsc_601_R0p1738_pre17,505,7,7,16.0185,23.9648,0,7,150
phub,wsc_602_R0p0907_pre20,505,25,25,7.5443,21.0579,0,32,150
phub,wsc_603_R0p0797_pre12,505,29,29,5.5487,23.7498,0,38,150
phub,wsc_604_R0p0848_pre11,505,31,30,3.9699,24.5515,0,36,150
phub,wsc_605_R0p0665_pre20,505,36,36,2.4875,18.7031,0,49,150
phub,wsc_606_R0p1661_pre12,505,12,12,8.4959,18.6193,0,11,150
phub,wsc_607_R0p1467_pre16,505,12,11,12.8466,19.3983,0,10,150
phub,wsc_608_R0p1270_pre9,505,18,17,6.6849,22.7241,0,19,150
phub,wsc_609_R0p1559_pre16,505,9,9,15.486,20.6241,0,8,150
phub,wsc_60_R0p0986_pre11,505,25,24,4.9945,21.5737,0,29,150
phub,wsc_610_R0p1024_pre20,505,24,24,7.4943,19.5279,0,27,150
phub,wsc_611_R0p1574_pre12,505,11,11,12.6648,24.0813,0,12,150
phub,wsc_612_R0p0736_pre12,505,41,40,5.7133,23.4394,0,48,150
phub,wsc_613_R0p1749_pre18,505,7,7,17.9803,23.3313,0,6,150
phub,wsc_614_R0p0617_pre6,505,46,46,1.3302,21.3599,0,68,150
phub,wsc_615_R0p1989_pre10,505,9,9,15.7464,22.929,0,8,150
phub,wsc_616_R0p1095_pre19,505,17,17,11.6685,22.4084,0,20,150
phub,wsc_617_R0p0525_pre6,505,48,48,1.31,26.2799,0,77,150
phub,wsc_618_R0p1304_pre17,505,16,16,11.8896,21.1997,0,16,150
phub,wsc_619_R0p0714_pre14,505,41,41,4.9502,24.4272,0,54,150
phub,wsc_61_R0p1062_pre17,505,22,21,8.6371,19.8656,0,23,150
phub,wsc_620_R0p1878_pre20,505,6,5,15.1392,18.2684,0,4,150
phub,wsc_621_R0p1280_pre15,505,16,16,12.0897,22.1817,0,19,150
phub,wsc_622_R0p0778_pre9,505,39,39,3.3497,23.5884,0,47,150
phub,wsc_623_R0p0569_pre16,505,44,44,3.5141,22.5256,0,56,150
phub,wsc_624_R0p0546_pre17,505,47,47,2.7948,20.1382,0,66,150
phub,wsc_625_R0p1118_pre12,505,16,16,5.0231,19.2203,0,18,150
phub,wsc_626_R0p1184_pre8,505,21,19,7.9285,24.973,0,22,150
phub,wsc_627_R0p0730_pre5,505,46,45,2.2944,27.5084,0,54,150
phub,wsc_628_R0p1965_pre20,505,4,4,18.4228,20.943,0,3,150
phub,wsc_629_R0p1824_pre17,505,6,6,18.4343,21.2883,0,6,150
phub,wsc_62_R0p1414_pre14,505,12,11,13.9187,24.5357,0,13,150
phub,wsc_630_R0p1348_pre10,505,16,16,8.7826,25.6665,0,17,150
phub,wsc_631_R0p1819_pre13,505,8,7,12.5242,22.0918,0,7,150
phub,wsc_632_R0p0620_pre12,505,49,49,3.7061,22.4204,0,62,150
phub,wsc_633_R0p0625_pre11,505,40,40,1.8933,23.5872,0,59,150
phub,wsc_634_R0p1894_pre19,505,6,5,22.1382,24.6947,0,4,150
phub,wsc_635_R0p1828_pre9,505,8,8,13.4898,22.4417,0,8,150
phub,wsc_636_R0p1060_pre14,505,21,20,6.0192,21.1871,0,24,150
phub,wsc_637_R0p1085_pre8,505,24,24,8.3108,26.8612,0,33,150
phub,wsc_638_R0p0958_pre11,505,28,28,3.8611,24.3596,0,31,150
phub,wsc_639_R0p1868_pre11,505,8,7,16.6384,22.6309,0,6,150
phub,wsc_63_R0p1340_pre19,505,10,10,13.2413,19.0681,0,11,150
phub,wsc_640_R0p1361_pre10,505,16,15,7.2432,21.9114,0,17,150
phub,wsc_641_R0p0606_pre12,505,45,45,4.3386,26.1673,0,70,150
phub,wsc_642_R0p1332_pre16,505,14,14,9.6494,18.9177,0,16,150
phub,wsc_643_R0p0534_pre18,505,43,43,2.3301,20.8673,0,64,150
phub,wsc_644_R0p1478_pre15,505,15,14,13.8244,22.5976,0,14,150
phub,wsc_645_R0p1423_pre8,505,18,17,7.448,24.1959,0,17,150
phub,wsc_646_R0p1139_pre20,505,16,16,11.4298,23.1454,0,18,150
phub,wsc_647_R0p1336_pre19,505,9,9,16.3711,26.2825,0,10,150
phub,wsc_648_R0p1499_pre10,505,13,13,11.5901,20.9841,0,15,150
phub,wsc_649_R0p1550_pre8,505,13,12,12.5042,20.9835,0,12,150
phub,wsc_64_R0p1915_pre18,505,5,5,17.6558,22.42,0,4,150
phub,wsc_650_R0p1220_pre14,505,15,15,9.9759,19.2411,0,20,150
phub,wsc_651_R0p0655_pre8,505,45,42,1.0685,25.315,0,61,150
phub,wsc_652_R0p1529_pre8,505,13,13,14.2942,26.8515,0,13,150
phub,wsc_653_R0p1078_pre16,505,22,22,7.698,22.7931,0,28,150
phub,wsc_654_R0p0985_pre20,505,20,20,9.5401,22.408,0,27,150
phub,wsc_655_R0p1174_pre14,505,15,15,7.7267,21.2663,0,18,150
phub,wsc_656_R0p0705_pre15,505,40,40,4.7925,20.4581,0,47,150
phub,wsc_657_R0p1772_pre17,505,6,6,16.4413,25.9685,0,6,150
phub,wsc_658_R0p0705_pre15,505,38,38,4.1681,25.8933,0,47,150
phub,wsc_659_R0p0517_pre12,505,52,52,0.941,21.3654,0,78,150
phub,wsc_65_R0p0571_pre14,505,44,44,2.4796,23.8006,0,69,150
phub,wsc_660_R0p1120_pre11,505,18,17,8.3314,27.3017,0,22,150
phub,wsc_661_R0p0825_pre12,505,28,28,5.8124,24.278,0,37,150
phub,wsc_662_R0p0570_pre11,505,52,52,1.5851,24.571,0,76,150
phub,wsc_663_R0p0520_pre5,505,52,52,1.9179,24.5346,0,77,150
phub,wsc_664_R0p1634_pre11,505,9,9,11.123,21.7007,0,10,150
phub,wsc_665_R0p0919_pre5,505,27,27,4.7552,27.3481,0,35,150
phub,wsc_666_R0p1646_pre9,505,11,10,17.1859,28.0596,0,11,150
phub,wsc_667_R0p0520_pre15,505,50,50,2.3404,21.9158,0,74,150
phub,wsc_668_R0p1189_pre17,505,14,14,13.3827,21.9509,0,16,150
phub,wsc_669_R0p0603_pre6,505,47,47,2.764,27.5635,0,70,150
phub,wsc_66_R0p1886_pre9,505,9,9,12.8927,22.4022,0,8,150
phub,wsc_670_R0p0821_pre18,505,31,31,7.8142,24.8355,0,37,150
phub,wsc_671_R0p1157_pre14,505,23,23,7.3843,20.5008,0,23,150
phub,wsc_672_R0p1415_pre16,505,15,15,10.475,21.4958,0,14,150
phub,wsc_673_R0p1993_pre13,505,6,5,15.9543,25.5622,0,5,150
phub,wsc_674_R0p1018_pre16,505,23,22,7.9713,20.4369,0,26,150
phub,wsc_675_R0p0777_pre14,505,34,34,4.9759,22.6205,0,42,150
phub,wsc_676_R0p0904_pre5,505,31,31,1.6306,21.6296,0,43,150
phub,wsc_677_R0p0543_pre18,505,40,40,3.3087,23.6569,0,69,150
phub,wsc_678_R0p1240_pre5,505,23,22,2.2457,19.2929,0,23,150
phub,wsc_679_R0p1029_pre10,505,23,23,6.5748,19.6082,0,26,150
phub,wsc_67_R0p1121_pre13,505,17,16,9.6023,24.011,0,19,150
phub,wsc_680_R0p0547_pre9,505,46,46,1.4873,19.8118,0,71,150
phub,wsc_681_R0p1228_pre8,505,20,19,6.0176,22.8344,0,21,150
phub,wsc_682_R0p1135_pre20,505,15,15,10.3198,21.7088,0,17,150
phub,wsc_683_R0p1786_pre9,505,8,8,14.2411,23.3899,0,11,150
phub,wsc_684_R0p1432_pre7,505,14,13,5.5827,18.9584,0,14,150
phub,wsc_685_R0p1377_pre14,505,14,14,10.4746,22.2523,0,15,150
phub,wsc_686_R0p1251_pre19,505,17,17,9.3122,19.6843,0,16,150
phub,wsc_687_R0p0689_pre13,505,35,35,2.6952,20.3366,0,51,150
phub,wsc_688_R0p0502_pre6,505,54,53,1.215,20.3306,0,79,150
phub,wsc_689_R0p0738_pre13,505,37,37,3.6393,19.9655,0,55,150
phub,wsc_68_R0p1227_pre13,505,16,16,6.5615,27.0985,0,18,150
phub,wsc_690_R0p1908_pre7,505,10,10,13.6878,27.9878,0,9,150
phub,wsc_691_R0p1726_pre12,505,7,7,15.4223,26.2706,0,8,150
phub,wsc_692_R0p0547_pre17,505,47,47,2.518,20.1601,0,68,150
phub,wsc_693_R0p1874_pre10,505,10,9,17.4718,24.4924,0,8,150
phub,wsc_694_R0p1300_pre8,505,14,14,8.5147,27.2718,0,17,150
phub,wsc_695_R0p0608_pre7,505,48,48,2.0039,23.2441,0,69,150
phub,wsc_696_R0p1323_pre8,505,16,16,10.61,26.421,0,19,150
phub,wsc_697_R0p0624_pre20,505,48,48,4.428,18.0448,0,63,150
phub,wsc_698_R0p1484_pre6,505,12,12,9.1972,22.7,0,14,150
phub,wsc_699_R0p1583_pre19,505,5,5,15.0245,18.2114,0,5,150
phub,wsc_69_R0p1371_pre15,505,15,15,7.3901,17.6235,0,22,150
phub,wsc_6_R0p1307_pre13,505,15,15,12.4735,21.8668,0,15,150
phub,wsc_700_R0p0885_pre15,505,27,27,9.356,23.6373,0,35,150
phub,wsc_701_R0p1884_pre16,505,4,4,15.5247,18.933,0,4,150
phub,wsc_702_R0p0683_pre18,505,41,41,5.5137,19.6687,0,49,150
phub,wsc_703_R0p1191_pre19,505,17,16,11.5799,19.5551,0,16,150
phub,wsc_704_R0p1073_pre10,505,26,25,7.0024,25.7285,0,31,150
phub,wsc_705_R0p1201_pre18,505,17,16,16.0623,26.5007,0,16,150
phub,wsc_706_R0p0529_pre8,505,47,47,1.7135,22.2043,0,73,150
phub,wsc_707_R0p1450_pre17,505,13,13,9.3428,17.2969,0,13,150
phub,wsc_708_R0p1181_pre11,505,15,14,7.1209,24.8198,0,18,150
phub,wsc_709_R0p1507_pre18,505,10,10,16.3489,22.6325,0,10,150
phub,wsc_70_R0p1071_pre10,505,21,21,5.3859,22.8354,0,26,150
phub,wsc_710_R0p0846_pre15,505,35,35,2.9181,23.613,0,39,150
phub,wsc_711_R0p1278_pre19,505,17,16,12.1674,19.0941,0,15,150
phub,wsc_712_R0p1057_pre14,505,22,21,8.6887,17.0871,0,22,150
phub,wsc_713_R0p1043_pre15,505,20,20,6.4172,22.4363,0,27,150
phub,wsc_714_R0p1335_pre12,505,11,11,9.9145,21.349,0,12,150
phub,wsc_715_R0p0897_pre20,505,26,26,8.9189,20.653,0,30,150
phub,wsc_716_R0p1764_pre14,505,8,8,16.6685,25.7785,0,7,150
phub,wsc_717_R0p1337_pre10,505,18,17,5.4771,23.0874,0,19,150
phub,wsc_718_R0p1746_pre13,505,9,8,18.5876,24.1384,0,7,150
phub,wsc_719_R0p1621_pre7,505,14,13,11.5619,25.7928,0,13,150
phub,wsc_71_R0p0880_pre12,505,28,28,5.6476,22.5736,0,36,150
phub,wsc_720_R0p0828_pre17,505,32,32,6.2569,19.7534,0,38,150
phub,wsc_721_R0p1061_pre15,505,15,15,10.877,23.6807,0,18,150
phub,wsc_722_R0p1206_pre7,505,18,18,5.4094,23.2733,0,25,150
phub,wsc_723_R0p0894_pre20,505,25,25,6.9975,19.8653,0,27,150
phub,wsc_724_R0p0638_pre19,505,39,39,3.4691,24.8089,0,54,150
phub,wsc_725_R0p1355_pre6,505,15,15,5.381,28.6895,0,17,150
phub,wsc_726_R0p1000_pre12,505,24,23,4.9745,20.849,0,31,150
phub,wsc_727_R0p1059_pre9,505,21,21,6.5309,22.8103,0,25,150
phub,wsc_728_R0p1857_pre12,505,9,8,18.3363,24.4385,0,7,150
phub,wsc_729_R0p1487_pre19,505,10,10,13.1323,17.684,0,9,150
phub,wsc_72_R0p1757_pre14,505,8,8,14.7193,20.3185,0,8,150
phub,wsc_730_R0p0852_pre12,505,31,31,6.7977,25.3899,0,37,150
phub,wsc_731_R0p1068_pre10,505,23,23,6.8111,19.6477,0,27,150
phub,wsc_732_R0p1492_pre5,505,15,15,7.2408,27.2087,0,17,150
phub,wsc_733_R0p0576_pre11,505,47,47,2.7474,21.613,0,66,150
phub,wsc_734_R0p1575_pre9,505,13,11,11.1857,23.4409,0,11,150
phub,wsc_735_R0p1059_pre19,505,21,21,10.0511,21.8739,0,24,150
phub,wsc_736_R0p1516_pre12,505,11,10,12.0031,19.7409,0,10,150
phub,wsc_737_R0p1050_pre11,505,24,24,2.2192,20.5817,0,35,150
phub,wsc_738_R0p1489_pre13,505,11,11,14.6513,24.4575,0,15,150
phub,wsc_739_R0p1628_pre19,505,7,7,15.5575,21.6276,0,6,150
phub,wsc_73_R0p1239_pre17,505,15,14,10.9581,20.4,0,15,150
phub,wsc_740_R0p0912_pre10,505,31,30,6.5401,24.9697,0,34,150
phub,wsc_741_R0p0812_pre16,505,26,26,5.9822,24.2465,0,36,150
phub,wsc_742_R0p1594_pre11,505,11,11,10.0047,22.3884,0,18,150
phub,wsc_743_R0p0732_pre7,505,36,36,2.4204,22.0231,0,49,150
phub,wsc_744_R0p1334_pre20,505,10,10,12.5694,19.678,0,10,150
phub,wsc_745_R0p1058_pre9,505,23,23,6.2706,23.2208,0,28,150
phub,wsc_746_R0p1292_pre17,505,17,16,9.6634,20.1978,0,17,150
phub,wsc_747_R0p1465_pre10,505,12,12,10.5397,20.4782,0,14,150
phub,wsc_748_R0p1891_pre12,505,9,9,11.1548,21.425,0,8,150
phub,wsc_749_R0p1937_pre15,505,6,6,15.5403,20.4465,0,5,150
phub,wsc_74_R0p1842_pre10,505,9,8,18.6063,25.7275,0,7,150
phub,wsc_750_R0p1559_pre10,505,10,10,10.4376,20.2481,0,10,150
phub,wsc_751_R0p0704_pre10,505,42,42,1.5572,21.2716,0,56,150
phub,wsc_752_R0p1662_pre14,505,10,10,14.4031,21.0525,0,10,150
phub,wsc_753_R0p0749_pre6,505,39,38,1.0896,29.3812,0,50,150
phub,wsc_754_R0p1505_pre9,505,15,14,12.6844,24.1524,0,14,150
phub,wsc_755_R0p1622_pre16,505,10,9,15.2654,22.2109,0,8,150
phub,wsc_756_R0p0901_pre19,505,31,31,8.0885,21.796,0,33,150
phub,wsc_757_R0p1545_pre10,505,12,11,12.3699,24.2778,0,11,150
phub,wsc_758_R0p1861_pre7,505,10,10,9.6743,23.3758,0,15,150
phub,wsc_759_R0p0711_pre14,505,30,30,5.2263,24.5257,0,46,150
phub,wsc_75_R0p0820_pre8,505,31,31,1.258,21.6238,0,38,150
phub,wsc_760_R0p1919_pre18,505,7,7,18.2751,20.9951,0,6,150
phub,wsc_761_R0p1410_pre10,505,15,14,7.9037,26.3971,0,15,150
phub,wsc_762_R0p0827_pre18,505,28,28,6.7825,24.5973,0,38,150
phub,wsc_763_R0p1931_pre9,505,7,7,15.8034,23.8506,0,7,150
phub,wsc_764_R0p1973_pre12,505,8,7,15.2838,22.2003,0,7,150
phub,wsc_765_R0p1420_pre18,505,11,11,10.6025,20.8142,0,11,150
phub,wsc_766_R0p0884_pre7,505,31,30,4.7868,20.5802,0,33,150
phub,wsc_767_R0p1590_pre17,505,11,10,17.9534,27.071,0,9,150
phub,wsc_768_R0p1905_pre16,505,7,7,19.9957,26.3734,0,6,150
phub,wsc_769_R0p1920_pre5,505,12,11,7.026,23.6207,0,10,150
phub,wsc_76_R0p1709_pre12,505,7,7,12.4262,19.8175,0,7,150
phub,wsc_770_R0p1963_pre8,505,7,6,11.8117,22.037,0,7,150
phub,wsc_771_R0p1211_pre11,505,18,17,10.5643,28.5285,0,19,150
phub,wsc_772_R0p0750_pre6,505,38,38,1.5778,26.4315,0,54,150
phub,wsc_773_R0p0590_pre18,505,40,39,4.0903,18.1029,0,55,150
phub,wsc_774_R0p0865_pre9,505,32,32,4.4022,22.2049,0,42,150
phub,wsc_775_R0p0891_pre13,505,24,24,10.409,28.2588,0,33,150
phub,wsc_776_R0p0627_pre20,505,42,42,6.8575,27.1644,0,52,150
phub,wsc_777_R0p1417_pre10,505,14,13,7.9773,16.9849,0,14,150
phub,wsc_778_R0p0895_pre14,505,27,27,6.1389,19.9105,0,33,150
phub,wsc_779_R0p1092_pre7,505,28,28,5.1758,19.6882,0,31,150
phub,wsc_77_R0p1679_pre15,505,10,9,14.0838,18.6334,0,8,150
phub,wsc_780_R0p1040_pre20,505,22,22,10.1058,21.9104,0,25,150
phub,wsc_781_R0p1182_pre14,505,18,17,12.2879,23.1048,0,20,150
phub,wsc_782_R0p0573_pre15,505,44,44,2.5071,23.0006,0,64,150
phub,wsc_783_R0p0860_pre9,505,32,32,5.1788,25.9486,0,40,150
phub,wsc_784_R0p1056_pre8,505,24,23,5.94,20.2927,0,27,150
phub,wsc_785_R0p1167_pre16,505,19,18,9.5825,22.2441,0,18,150
phub,wsc_786_R0p1996_pre14,505,5,5,18.7141,22.8364,0,4,150
phub,wsc_787_R0p0636_pre10,505,49,49,1.4702,25.7652,0,66,150
phub,wsc_788_R0p0837_pre19,505,33,33,7.1162,25.78,0,42,150
phub,wsc_789_R0p0637_pre6,505,41,41,3.9668,26.6736,0,66,150
phub,wsc_78_R0p1128_pre8,505,21,20,5.827,21.995,0,25,150
phub,wsc_790_R0p1555_pre17,505,10,10,16.8811,22.6531,0,9,150
phub,wsc_791_R0p1866_pre10,505,8,8,11.8106,20.8031,0,9,150
phub,wsc_792_R0p1378_pre12,505,12,12,9.8236,20.5846,0,13,150
phub,wsc_793_R0p1468_pre8,505,15,14,9.822,23.6407,0,14,150
phub,wsc_794_R0p1155_pre12,505,21,21,7.8491,20.9101,0,23,150
phub,wsc_795_R0p1452_pre5,505,14,13,6.4791,27.6592,0,15,150
phub,wsc_796_R0p1190_pre15,505,14,14,8.0921,22.4488,0,18,150
phub,wsc_797_R0p1006_pre10,505,27,26,6.711,21.1009,0,33,150
phub,wsc_798_R0p0971_pre8,505,26,26,3.4682,23.0556,0,32,150
phub,wsc_799_R0p1173_pre19,505,15,15,7.7176,20.5885,0,16,150
phub,wsc_79_R0p1879_pre19,505,5,5,18.3192,20.432,0,4,150
phub,wsc_7_R0p1438_pre15,505,16,15,14.7143,23.2655,0,14,150
phub,wsc_800_R0p1011_pre14,505,24,24,5.5137,20.1281,0,28,150
phub,wsc_801_R0p0622_pre6,505,46,46,2.021,20.6215,0,64,150
phub,wsc_802_R0p1996_pre15,505,5,5,16.8276,20.2394,0,4,150
phub,wsc_803_R0p1318_pre20,505,12,11,13.4276,20.3053,0,11,150
phub,wsc_804_R0p1766_pre12,505,8,7,18.0204,26.8768,0,7,150
phub,wsc_805_R0p0522_pre7,505,53,53,0.4576,23.9933,0,78,150
phub,wsc_806_R0p1186_pre17,505,17,17,7.4905,20.0208,0,17,150
phub,wsc_807_R0p1549_pre14,505,9,8,9.1401,15.7469,0,8,150
phub,wsc_808_R0p1144_pre12,505,23,23,9.9224,23.7744,0,25,150
phub,wsc_809_R0p1553_pre6,505,13,13,8.5283,22.1475,0,13,150
phub,wsc_80_R0p1605_pre5,505,14,13,5.7521,23.5142,0,14,150
phub,wsc_810_R0p1102_pre5,505,20,20,5.7275,26.0452,0,28,150
phub,wsc_811_R0p1682_pre11,505,10,10,12.7798,18.8301,0,10,150
phub,wsc_812_R0p1372_pre15,505,14,13,14.0167,23.5376,0,13,150
phub,wsc_813_R0p0913_pre20,505,27,27,7.9444,23.5664,0,31,150
phub,wsc_814_R0p1271_pre12,505,16,16,11.2506,27.2588,0,17,150
phub,wsc_815_R0p1460_pre12,505,12,11,8.8548,18.3728,0,13,150
phub,wsc_816_R0p1566_pre16,505,10,10,17.448,22.5906,0,10,150
phub,wsc_817_R0p0579_pre13,505,36,36,3.621,26.1214,0,59,150
phub,wsc_818_R0p0544_pre8,505,50,50,1.3959,24.2974,0,74,150
phub,wsc_819_R0p0912_pre19,505,25,24,11.4619,24.4446,0,30,150
phub,wsc_81_R0p1151_pre5,505,23,22,5.5037,23.2346,0,25,150
phub,wsc_820_R0p1713_pre14,505,7,7,15.7425,22.2859,0,7,150
phub,wsc_821_R0p1852_pre7,505,9,8,10.5233,24.1016,0,9,150
phub,wsc_822_R0p1240_pre14,505,15,15,8.5512,18.0657,0,20,150
phub,wsc_823_R0p1294_pre20,505,12,10,12.4615,20.5362,0,10,150
phub,wsc_824_R0p1548_pre18,505,11,10,14.1746,22.9127,0,10,150
phub,wsc_825_R0p0791_pre7,505,40,40,2.6327,23.8302,0,50,150
phub,wsc_826_R0p1098_pre16,505,18,18,7.9083,20.622,0,20,150
phub,wsc_827_R0p1725_pre20,505,5,5,21.2067,22.7301,0,4,150
phub,wsc_828_R0p0570_pre10,505,47,47,1.2671,22.7869,0,69,150
phub,wsc_829_R0p1287_pre14,505,13,12,10.6935,23.5304,0,14,150
phub,wsc_82_R0p1996_pre15,505,5,5,17.8232,20.5139,0,4,150
phub,wsc_830_R0p1005_pre15,505,25,25,7.614,19.0036,0,28,150
phub,wsc_831_R0p1434_pre10,505,14,14,7.7505,18.475,0,14,150
phub,wsc_832_R0p1988_pre7,505,8,8,14.7646,26.714,0,8,150
phub,wsc_833_R0p1315_pre17,505,14,14,9.8894,19.8664,0,14,150
phub,wsc_834_R0p1103_pre16,505,22,22,8.6267,22.3442,0,22,150
phub,wsc_835_R0p1783_pre7,505,9,9,11.099,19.332,0,9,150
phub,wsc_836_R0p0632_pre11,505,48,48,0.6349,25.9972,0,64,150
phub,wsc_837_R0p1486_pre19,505,8,8,12.259,17.1848,0,9,150
phub,wsc_838_R0p1949_pre6,505,11,10,11.6288,26.3206,0,9,150
phub,wsc_839_R0p1206_pre17,505,15,15,8.7309,19.3686,0,18,150
phub,wsc_83_R0p0975_pre13,505,26,25,9.0329,23.5067,0,26,150
phub,wsc_840_R0p1947_pre14,505,6,5,17.1128,20.5862,0,4,150
phub,wsc_841_R0p1191_pre18,505,15,14,11.9158,20.8716,0,13,150
phub,wsc_842_R0p1329_pre13,505,14,13,13.4272,26.0786,0,14,150
phub,wsc_843_R0p1953_pre16,505,7,7,17.7515,25.5354,0,6,150
phub,wsc_844_R0p1495_pre5,505,15,15,6.6115,27.9726,0,18,150
phub,wsc_845_R0p1285_pre7,505,21,20,5.5552,21.2646,0,21,150
phub,wsc_846_R0p1719_pre13,505,9,9,15.5355,21.6103,0,9,150
phub,wsc_847_R0p1019_pre18,505,25,25,12.0605,24.4511,0,28,150
phub,wsc_848_R0p1324_pre17,505,14,14,13.9642,21.4108,0,15,150
phub,wsc_849_R0p1430_pre17,505,12,11,16.2111,23.2504,0,10,150
phub,wsc_84_R0p1598_pre7,505,12,12,9.5285,22.0466,0,11,150
phub,wsc_850_R0p0670_pre14,505,43,43,5.085,24.583,0,58,150
phub,wsc_851_R0p1727_pre13,505,11,10,11.1745,18.861,0,10,150
phub,wsc_852_R0p1463_pre10,505,14,14,10.441,25.637,0,16,150
phub,wsc_853_R0p1374_pre19,505,11,10,15.6581,21.7633,0,11,150
phub,wsc_854_R0p1749_pre5,505,12,11,9.0344,25.546,0,12,150
phub,wsc_855_R0p1982_pre12,505,8,8,10.4485,19.3403,0,7,150
phub,wsc_856_R0p0867_pre17,505,31,31,6.2987,22.8437,0,38,150
phub,wsc_857_R0p0921_pre20,505,26,26,9.5475,24.892,0,30,150
phub,wsc_858_R0p1893_pre7,505,10,10,12.9528,17.9878,0,9,150
phub,wsc_859_R0p0617_pre9,505,46,46,1.1932,28.5294,0,65,150
phub,wsc_85_R0p0566_pre19,505,42,42,6.0161,24.7637,0,66,150
phub,wsc_860_R0p1767_pre12,505,9,9,18.1965,28.2699,0,9,150
phub,wsc_861_R0p1809_pre20,505,8,8,15.4734,21.3377,0,7,150
phub,wsc_862_R0p1585_pre7,505,14,13,9.2517,22.326,0,12,150
phub,wsc_863_R0p1648_pre12,505,10,9,11.825,20.5725,0,9,150
phub,wsc_864_R0p0910_pre19,505,24,24,9.3655,23.9539,0,35,150
phub,wsc_865_R0p1786_pre6,505,9,8,10.7092,24.6721,0,8,150
phub,wsc_866_R0p0966_pre12,505,29,28,8.4189,23.1085,0,30,150
phub,wsc_867_R0p1243_pre9,505,18,17,8.5808,25.202,0,19,150
phub,wsc_868_R0p1152_pre7,505,22,22,5.296,23.8047,0,26,150
phub,wsc_869_R0p1328_pre8,505,19,19,9.0896,20.8181,0,20,150
phub,wsc_86_R0p1423_pre7,505,15,14,6.4762,25.9825,0,15,150
phub,wsc_870_R0p0615_pre11,505,45,45,2.8174,17.1842,0,62,150
phub,wsc_871_R0p0528_pre10,505,45,45,1.6709,25.0284,0,78,150
phub,wsc_872_R0p1989_pre19,505,6,6,17.6374,19.0801,0,5,150
phub,wsc_873_R0p1890_pre17,505,5,4,18.4672,22.7969,0,4,150
phub,wsc_874_R0p1376_pre20,505,11,11,13.2005,21.4611,0,11,150
phub,wsc_875_R0p1047_pre19,505,19,18,10.512,22.9213,0,21,150
phub,wsc_876_R0p1171_pre20,505,16,16,10.4813,23.0205,0,17,150
phub,wsc_877_R0p0917_pre7,505,32,32,2.4325,23.1656,0,36,150
phub,wsc_878_R0p1226_pre6,505,22,21,5.1279,22.542,0,24,150
phub,wsc_879_R0p1259_pre12,505,16,15,7.2572,17.8996,0,16,150
phub,wsc_87_R0p1356_pre5,505,16,16,7.7634,23.8802,0,18,150
phub,wsc_880_R0p0760_pre20,505,35,34,6.6162,21.8732,0,40,150
phub,wsc_881_R0p0904_pre20,505,25,25,7.6811,21.1723,0,28,150
phub,wsc_882_R0p1458_pre20,505,9,9,18.7214,26.1891,0,9,150
phub,wsc_883_R0p1403_pre14,505,13,11,11.7656,19.1842,0,12,150
phub,wsc_884_R0p1277_pre10,505,15,15,9.8559,24.4765,0,22,150
phub,wsc_885_R0p1897_pre8,505,9,9,12.3981,20.2131,0,8,150
phub,wsc_886_R0p1236_pre16,505,14,14,9.3845,20.018,0,16,150
phub,wsc_887_R0p1701_pre9,505,13,12,9.7117,25.2748,0,11,150
phub,wsc_888_R0p1087_pre17,505,20,20,9.3341,22.097,0,27,150
phub,wsc_889_R0p0647_pre12,505,44,44,1.5571,24.3107,0,62,150
phub,wsc_88_R0p0809_pre20,505,31,31,7.2386,24.2296,0,38,150
phub,wsc_890_R0p1096_pre5,505,23,23,4.4404,25.2949,0,29,150
phub,wsc_891_R0p1779_pre14,505,9,9,17.1072,23.5605,0,9,150
phub,wsc_892_R0p0766_pre13,505,34,34,2.1198,19.044,0,43,150
phub,wsc_893_R0p1387_pre14,505,13,13,6.0809,17.841,0,14,150
phub,wsc_894_R0p0621_pre13,505,44,44,3.223,23.5254,0,63,150
phub,wsc_895_R0p1435_pre18,505,10,9,14.511,25.5384,0,9,150
phub,wsc_896_R0p1816_pre10,505,10,9,13.2595,24.1266,0,10,150
phub,wsc_897_R0p1481_pre7,505,15,14,7.8127,22.4422,0,15,150
phub,wsc_898_R0p1972_pre19,505,7,7,17.1837,22.9148,0,6,150
phub,wsc_899_R0p1721_pre14,505,10,10,17.586,22.2299,0,9,150
phub,wsc_89_R0p1364_pre9,505,18,15,7.5534,25.1481,0,15,150
phub,wsc_8_R0p0990_pre8,505,30,29,4.2956,20.6503,0,34,150
phub,wsc_900_R0p0508_pre13,505,44,44,1.7592,25.0712,0,72,150
phub,wsc_901_R0p1585_pre14,505,12,11,10.5607,17.2162,0,12,150
phub,wsc_902_R0p0802_pre18,505,38,33,7.4132,19.6784,0,39,150
phub,wsc_903_R0p0691_pre18,505,33,33,4.1221,20.9862,0,46,150
phub,wsc_904_R0p0934_pre10,505,28,27,10.1234,32.0745,0,31,150
phub,wsc_905_R0p1940_pre14,505,6,6,15.7647,20.7125,0,6,150
phub,wsc_906_R0p1912_pre18,505,7,7,21.6268,23.4992,0,6,150
phub,wsc_907_R0p1503_pre12,505,13,12,11.9445,22.1491,0,11,150
phub,wsc_908_R0p1349_pre7,505,17,16,10.8215,23.4202,0,16,150
phub,wsc_909_R0p1506_pre14,505,11,10,13.86,22.7147,0,9,150
phub,wsc_90_R0p1058_pre6,505,23,22,4.0342,25.374,0,27,150
phub,wsc_910_R0p0910_pre11,505,29,28,5.0061,21.9539,0,34,150
phub,wsc_911_R0p1163_pre8,505,20,20,5.3083,24.0765,0,30,150
phub,wsc_912_R0p1987_pre14,505,5,4,21.1903,22.968,0,3,150
phub,wsc_913_R0p0864_pre10,505,34,34,6.3122,21.1266,0,43,150
phub,wsc_914_R0p1586_pre13,505,9,9,12.101,22.4638,0,11,150
phub,wsc_915_R0p0764_pre14,505,32,32,6.1421,21.1556,0,41,150
phub,wsc_916_R0p0776_pre15,505,34,34,6.4791,21.4426,0,45,150
phub,wsc_917_R0p0825_pre18,505,26,25,6.582,23.8074,0,30,150
phub,wsc_918_R0p0893_pre18,505,31,29,5.402,20.7353,0,33,150
phub,wsc_919_R0p1927_pre7,505,9,8,14.6881,24.6518,0,9,150
phub,wsc_91_R0p0925_pre10,505,29,29,6.5748,20.626,0,37,150
phub,wsc_920_R0p1079_pre19,505,22,22,11.7593,20.303,0,25,150
phub,wsc_921_R0p0903_pre14,505,26,25,7.2404,20.9004,0,29,150
phub,wsc_922_R0p1130_pre6,505,23,23,4.6028,21.4094,0,24,150
phub,wsc_923_R0p1982_pre18,505,5,5,17.0241,18.3947,0,4,150
phub,wsc_924_R0p1826_pre13,505,10,10,15.4314,24.2256,0,9,150
phub,wsc_925_R0p1890_pre6,505,9,8,6.6445,22.73,0,8,150
phub,wsc_926_R0p1150_pre9,505,19,19,7.9204,25.3925,0,25,150
phub,wsc_927_R0p1745_pre13,505,9,8,18.7443,27.0179,0,7,150
phub,wsc_928_R0p1029_pre5,505,26,25,3.1368,25.3833,0,30,150
phub,wsc_929_R0p0880_pre13,505,31,31,4.985,21.6171,0,39,150
phub,wsc_92_R0p1401_pre20,505,10,9,15.9335,24.025,0,11,150
phub,wsc_930_R0p0993_pre12,505,24,24,4.8956,22.5089,0,28,150
phub,wsc_931_R0p1184_pre19,505,14,14,13.029,24.3687,0,19,150
phub,wsc_932_R0p1864_pre8,505,9,9,11.6612,20.7026,0,9,150
phub,wsc_933_R0p0599_pre16,505,44,44,2.6566,21.6923,0,58,150
phub,wsc_934_R0p0992_pre15,505,20,20,6.2165,22.3866,0,23,150
phub,wsc_935_R0p0879_pre19,505,29,29,5.3358,17.349,0,38,150
phub,wsc_936_R0p0964_pre5,505,27,27,2.2728,22.4792,0,35,150
phub,wsc_937_R0p1112_pre6,505,25,25,5.9236,22.6281,0,31,150
phub,wsc_938_R0p1718_pre6,505,9,9,10.4033,26.6933,0,11,150
phub,wsc_939_R0p1932_pre13,505,7,7,15.4137,24.3963,0,6,150
phub,wsc_93_R0p1978_pre15,505,5,4,18.1661,20.5164,0,4,150
phub,wsc_940_R0p1228_pre20,505,14,14,10.4327,20.1273,0,13,150
phub,wsc_941_R0p1249_pre10,505,16,16,8.9068,20.1711,0,19,150
phub,wsc_942_R0p1023_pre17,505,24,24,6.5778,18.4577,0,29,150
phub,wsc_943_R0p1882_pre5,505,12,11,9.7992,26.4133,0,11,150
phub,wsc_944_R0p1095_pre13,505,23,22,14.4861,27.6938,0,22,150
phub,wsc_945_R0p1260_pre5,505,20,18,6.551,26.051,0,28,150
phub,wsc_946_R0p0910_pre10,505,29,29,5.2034,21.1473,0,34,150
phub,wsc_947_R0p1106_pre18,505,19,19,12.4308,22.0243,0,23,150
phub,wsc_948_R0p1445_pre18,505,12,12,14.5003,19.8742,0,12,150
phub,wsc_949_R0p1308_pre18,505,14,13,10.7744,19.5865,0,13,150
phub,wsc_94_R0p0860_pre20,505,25,25,7.3987,21.7539,0,29,150
phub,wsc_950_R0p0984_pre13,505,24,24,7.779,21.2517,0,28,150
phub,wsc_951_R0p1667_pre13,505,11,10,13.4351,24.9457,0,10,150
phub,wsc_952_R0p0790_pre10,505,32,32,3.5412,21.1642,0,43,150
phub,wsc_953_R0p0874_pre20,505,31,31,5.7532,17.9275,0,37,150
phub,wsc_954_R0p1246_pre10,505,19,19,7.7796,21.3174,0,23,150
phub,wsc_955_R0p0805_pre11,505,35,34,3.3441,20.536,0,43,150
phub,wsc_956_R0p1161_pre9,505,22,21,3.6906,24.4537,0,22,150
phub,wsc_957_R0p1076_pre15,505,20,19,13.6029,21.3195,0,22,150
phub,wsc_958_R0p1385_pre11,505,15,14,10.019,23.931,0,17,150
phub,wsc_959_R0p1419_pre18,505,14,14,13.1453,23.8769,0,13,150
phub,wsc_95_R0p1312_pre5,505,17,17,8.7831,26.3222,0,19,150
phub,wsc_960_R0p0584_pre18,505,46,46,2.5342,22.7686,0,64,150
phub,wsc_961_R0p1174_pre18,505,15,15,9.7236,23.6388,0,16,150
phub,wsc_962_R0p0945_pre14,505,27,26,4.9135,24.9628,0,38,150
phub,wsc_963_R0p0906_pre19,505,21,21,7.2115,22.3206,0,27,150
phub,wsc_964_R0p1130_pre14,505,20,19,9.835,23.446,0,22,150
phub,wsc_965_R0p0576_pre10,505,48,48,1.8684,23.4268,0,69,150
phub,wsc_966_R0p0995_pre18,505,21,21,10.0908,20.9153,0,27,150
phub,wsc_967_R0p1212_pre5,505,20,20,4.9917,22.8723,0,23,150
phub,wsc_968_R0p1665_pre7,505,11,10,12.6039,25.1272,0,11,150
phub,wsc_969_R0p1808_pre17,505,7,7,17.9086,25.7437,0,6,150
phub,wsc_96_R0p1594_pre18,505,9,8,15.4342,21.8489,0,7,150
phub,wsc_970_R0p1922_pre13,505,9,9,16.4909,22.4176,0,8,150
phub,wsc_971_R0p0652_pre10,505,41,41,3.1268,22.9642,0,56,150
phub,wsc_972_R0p1662_pre11,505,12,11,15.8501,23.0943,0,11,150
phub,wsc_973_R0p1132_pre15,505,15,14,7.8367,20.472,0,19,150
phub,wsc_974_R0p1501_pre9,505,13,12,7.8372,22.7128,0,12,150
phub,wsc_975_R0p1033_pre10,505,22,22,3.9007,22.3524,0,26,150
phub,wsc_976_R0p1589_pre20,505,9,8,14.6763,18.1651,0,8,150
phub,wsc_977_R0p1385_pre17,505,15,14,13.1677,25.0854,0,15,150
phub,wsc_978_R0p1367_pre18,505,11,11,15.2319,21.9574,0,11,150
phub,wsc_979_R0p1002_pre12,505,24,24,5.1486,25.3822,0,31,150
phub,wsc_97_R0p1511_pre6,505,12,11,9.4443,23.5646,0,14,150
phub,wsc_980_R0p1459_pre6,505,16,15,8.3014,24.0505,0,15,150
phub,wsc_981_R0p1208_pre6,505,21,19,5.5305,27.9119,0,22,150
phub,wsc_982_R0p1207_pre17,505,18,17,9.6057,19.4103,0,19,150
phub,wsc_983_R0p1276_pre18,505,17,17,13.1442,22.238,0,18,150
phub,wsc_984_R0p0790_pre16,505,37,37,5.7044,24.1677,0,44,150
phub,wsc_985_R0p0874_pre14,505,29,29,6.9916,20.949,0,34,150
phub,wsc_986_R0p0572_pre19,505,38,38,2.9597,18.7149,0,59,150
phub,wsc_987_R0p1745_pre10,505,9,9,9.2043,27.3348,0,9,150
phub,wsc_988_R0p1247_pre20,505,14,14,11.1335,21.0276,0,15,150
phub,wsc_989_R0p1245_pre20,505,13,13,10.0079,19.6038,0,14,150
phub,wsc_98_R0p1915_pre16,505,10,9,15.5985,22.0956,0,8,150
phub,wsc_990_R0p0678_pre20,505,43,43,4.9837,17.8759,0,54,150
phub,wsc_991_R0p1547_pre19,505,10,9,11.7253,17.4784,0,9,150
phub,wsc_992_R0p1460_pre19,505,12,12,13.0736,18.5434,0,11,150
phub,wsc_993_R0p0788_pre14,505,33,33,2.2621,17.9026,0,40,150
phub,wsc_994_R0p1196_pre7,505,18,17,4.7325,21.2661,0,19,150
phub,wsc_995_R0p0641_pre14,505,43,43,2.3128,21.3315,0,55,150
phub,wsc_996_R0p0775_pre9,505,33,33,3.6191,21.1248,0,49,150
phub,wsc_997_R0p1318_pre9,505,18,18,8.8285,23.7344,0,18,150
phub,wsc_998_R0p1550_pre10,505,11,11,11.738,24.8784,0,11,150
phub,wsc_999_R0p1668_pre7,505,11,10,8.8435,24.5138,0,11,150
phub,wsc_99_R0p1259_pre17,505,14,14,6.7147,21.9485,0,15,150
phub,wsc_9_R0p1805_pre20,505,5,5,15.9148,19.3036,0,4,150
